{
    "packages": [
        {
            "name": "doctrine/lexer",
            "version": "1.2.1",
            "version_normalized": "1.2.1.0",
            "source": {
                "type": "git",
                "url": "https://github.com/doctrine/lexer.git",
                "reference": "e864bbf5904cb8f5bb334f99209b48018522f042"
            },
            "dist": {
                "type": "zip",
                "url": "https://api.github.com/repos/doctrine/lexer/zipball/e864bbf5904cb8f5bb334f99209b48018522f042",
                "reference": "e864bbf5904cb8f5bb334f99209b48018522f042",
                "shasum": ""
            },
            "require": {
                "php": "^7.2 || ^8.0"
            },
            "require-dev": {
                "doctrine/coding-standard": "^6.0",
                "phpstan/phpstan": "^0.11.8",
                "phpunit/phpunit": "^8.2"
            },
            "time": "2020-05-25T17:44:05+00:00",
            "type": "library",
            "extra": {
                "branch-alias": {
                    "dev-master": "1.2.x-dev"
                }
            },
            "installation-source": "dist",
            "autoload": {
                "psr-4": {
                    "Doctrine\\Common\\Lexer\\": "lib/Doctrine/Common/Lexer"
                }
            },
            "notification-url": "https://packagist.org/downloads/",
            "license": [
                "MIT"
            ],
            "authors": [
                {
                    "name": "Guilherme Blanco",
                    "email": "guilhermeblanco@gmail.com"
                },
                {
                    "name": "Roman Borschel",
                    "email": "roman@code-factory.org"
                },
                {
                    "name": "Johannes Schmitt",
                    "email": "schmittjoh@gmail.com"
                }
            ],
            "description": "PHP Doctrine Lexer parser library that can be used in Top-Down, Recursive Descent Parsers.",
            "homepage": "https://www.doctrine-project.org/projects/lexer.html",
            "keywords": [
                "annotations",
                "docblock",
                "lexer",
                "parser",
                "php"
            ],
            "support": {
                "issues": "https://github.com/doctrine/lexer/issues",
                "source": "https://github.com/doctrine/lexer/tree/1.2.1"
            },
            "funding": [
                {
                    "url": "https://www.doctrine-project.org/sponsorship.html",
                    "type": "custom"
                },
                {
                    "url": "https://www.patreon.com/phpdoctrine",
                    "type": "patreon"
                },
                {
                    "url": "https://tidelift.com/funding/github/packagist/doctrine%2Flexer",
                    "type": "tidelift"
                }
            ],
            "install-path": "../doctrine/lexer"
        },
        {
            "name": "egulias/email-validator",
            "version": "2.1.25",
            "version_normalized": "2.1.25.0",
            "source": {
                "type": "git",
                "url": "https://github.com/egulias/EmailValidator.git",
                "reference": "0dbf5d78455d4d6a41d186da50adc1122ec066f4"
            },
            "dist": {
                "type": "zip",
                "url": "https://api.github.com/repos/egulias/EmailValidator/zipball/0dbf5d78455d4d6a41d186da50adc1122ec066f4",
                "reference": "0dbf5d78455d4d6a41d186da50adc1122ec066f4",
                "shasum": ""
            },
            "require": {
                "doctrine/lexer": "^1.0.1",
                "php": ">=5.5",
                "symfony/polyfill-intl-idn": "^1.10"
            },
            "require-dev": {
                "dominicsayers/isemail": "^3.0.7",
                "phpunit/phpunit": "^4.8.36|^7.5.15",
                "satooshi/php-coveralls": "^1.0.1"
            },
            "suggest": {
                "ext-intl": "PHP Internationalization Libraries are required to use the SpoofChecking validation"
            },
            "time": "2020-12-29T14:50:06+00:00",
            "type": "library",
            "extra": {
                "branch-alias": {
                    "dev-master": "2.1.x-dev"
                }
            },
            "installation-source": "dist",
            "autoload": {
                "psr-4": {
                    "Egulias\\EmailValidator\\": "src"
                }
            },
            "notification-url": "https://packagist.org/downloads/",
            "license": [
                "MIT"
            ],
            "authors": [
                {
                    "name": "Eduardo Gulias Davis"
                }
            ],
            "description": "A library for validating emails against several RFCs",
            "homepage": "https://github.com/egulias/EmailValidator",
            "keywords": [
                "email",
                "emailvalidation",
                "emailvalidator",
                "validation",
                "validator"
            ],
            "support": {
                "issues": "https://github.com/egulias/EmailValidator/issues",
                "source": "https://github.com/egulias/EmailValidator/tree/2.1.25"
            },
            "funding": [
                {
                    "url": "https://github.com/egulias",
                    "type": "github"
                }
            ],
            "install-path": "../egulias/email-validator"
        },
        {
            "name": "swiftmailer/swiftmailer",
            "version": "v6.2.5",
            "version_normalized": "6.2.5.0",
            "source": {
                "type": "git",
                "url": "https://github.com/swiftmailer/swiftmailer.git",
                "reference": "698a6a9f54d7eb321274de3ad19863802c879fb7"
            },
            "dist": {
                "type": "zip",
                "url": "https://api.github.com/repos/swiftmailer/swiftmailer/zipball/698a6a9f54d7eb321274de3ad19863802c879fb7",
                "reference": "698a6a9f54d7eb321274de3ad19863802c879fb7",
                "shasum": ""
            },
            "require": {
                "egulias/email-validator": "^2.0",
                "php": ">=7.0.0",
                "symfony/polyfill-iconv": "^1.0",
                "symfony/polyfill-intl-idn": "^1.10",
                "symfony/polyfill-mbstring": "^1.0"
            },
            "require-dev": {
                "mockery/mockery": "^1.0",
                "symfony/phpunit-bridge": "^4.4|^5.0"
            },
            "suggest": {
                "ext-intl": "Needed to support internationalized email addresses"
            },
            "time": "2021-01-12T09:35:59+00:00",
            "type": "library",
            "extra": {
                "branch-alias": {
                    "dev-master": "6.2-dev"
                }
            },
            "installation-source": "dist",
            "autoload": {
                "files": [
                    "lib/swift_required.php"
                ]
            },
            "notification-url": "https://packagist.org/downloads/",
            "license": [
                "MIT"
            ],
            "authors": [
                {
                    "name": "Chris Corbyn"
                },
                {
                    "name": "Fabien Potencier",
                    "email": "fabien@symfony.com"
                }
            ],
            "description": "Swiftmailer, free feature-rich PHP mailer",
            "homepage": "https://swiftmailer.symfony.com",
            "keywords": [
                "email",
                "mail",
                "mailer"
            ],
            "support": {
                "issues": "https://github.com/swiftmailer/swiftmailer/issues",
                "source": "https://github.com/swiftmailer/swiftmailer/tree/v6.2.5"
            },
            "funding": [
                {
                    "url": "https://github.com/fabpot",
                    "type": "github"
                },
                {
                    "url": "https://tidelift.com/funding/github/packagist/swiftmailer/swiftmailer",
                    "type": "tidelift"
                }
            ],
            "install-path": "../swiftmailer/swiftmailer"
        },
        {
            "name": "symfony/polyfill-iconv",
            "version": "v1.22.1",
            "version_normalized": "1.22.1.0",
            "source": {
                "type": "git",
                "url": "https://github.com/symfony/polyfill-iconv.git",
                "reference": "06fb361659649bcfd6a208a0f1fcaf4e827ad342"
            },
            "dist": {
                "type": "zip",
                "url": "https://api.github.com/repos/symfony/polyfill-iconv/zipball/06fb361659649bcfd6a208a0f1fcaf4e827ad342",
                "reference": "06fb361659649bcfd6a208a0f1fcaf4e827ad342",
                "shasum": ""
            },
            "require": {
                "php": ">=7.1"
            },
            "suggest": {
                "ext-iconv": "For best performance"
            },
            "time": "2021-01-22T09:19:47+00:00",
            "type": "library",
            "extra": {
                "branch-alias": {
                    "dev-main": "1.22-dev"
                },
                "thanks": {
                    "name": "symfony/polyfill",
                    "url": "https://github.com/symfony/polyfill"
                }
            },
            "installation-source": "dist",
            "autoload": {
                "psr-4": {
                    "Symfony\\Polyfill\\Iconv\\": ""
                },
                "files": [
                    "bootstrap.php"
                ]
            },
            "notification-url": "https://packagist.org/downloads/",
            "license": [
                "MIT"
            ],
            "authors": [
                {
                    "name": "Nicolas Grekas",
                    "email": "p@tchwork.com"
                },
                {
                    "name": "Symfony Community",
                    "homepage": "https://symfony.com/contributors"
                }
            ],
            "description": "Symfony polyfill for the Iconv extension",
            "homepage": "https://symfony.com",
            "keywords": [
                "compatibility",
                "iconv",
                "polyfill",
                "portable",
                "shim"
            ],
            "support": {
                "source": "https://github.com/symfony/polyfill-iconv/tree/v1.22.1"
            },
            "funding": [
                {
                    "url": "https://symfony.com/sponsor",
                    "type": "custom"
                },
                {
                    "url": "https://github.com/fabpot",
                    "type": "github"
                },
                {
                    "url": "https://tidelift.com/funding/github/packagist/symfony/symfony",
                    "type": "tidelift"
                }
            ],
            "install-path": "../symfony/polyfill-iconv"
        },
        {
            "name": "symfony/polyfill-intl-idn",
            "version": "v1.22.1",
            "version_normalized": "1.22.1.0",
            "source": {
                "type": "git",
                "url": "https://github.com/symfony/polyfill-intl-idn.git",
                "reference": "2d63434d922daf7da8dd863e7907e67ee3031483"
            },
            "dist": {
                "type": "zip",
                "url": "https://api.github.com/repos/symfony/polyfill-intl-idn/zipball/2d63434d922daf7da8dd863e7907e67ee3031483",
                "reference": "2d63434d922daf7da8dd863e7907e67ee3031483",
                "shasum": ""
            },
            "require": {
                "php": ">=7.1",
                "symfony/polyfill-intl-normalizer": "^1.10",
                "symfony/polyfill-php72": "^1.10"
            },
            "suggest": {
                "ext-intl": "For best performance"
            },
            "time": "2021-01-22T09:19:47+00:00",
            "type": "library",
            "extra": {
                "branch-alias": {
                    "dev-main": "1.22-dev"
                },
                "thanks": {
                    "name": "symfony/polyfill",
                    "url": "https://github.com/symfony/polyfill"
                }
            },
            "installation-source": "dist",
            "autoload": {
                "psr-4": {
                    "Symfony\\Polyfill\\Intl\\Idn\\": ""
                },
                "files": [
                    "bootstrap.php"
                ]
            },
            "notification-url": "https://packagist.org/downloads/",
            "license": [
                "MIT"
            ],
            "authors": [
                {
                    "name": "Laurent Bassin",
                    "email": "laurent@bassin.info"
                },
                {
                    "name": "Trevor Rowbotham",
                    "email": "trevor.rowbotham@pm.me"
                },
                {
                    "name": "Symfony Community",
                    "homepage": "https://symfony.com/contributors"
                }
            ],
            "description": "Symfony polyfill for intl's idn_to_ascii and idn_to_utf8 functions",
            "homepage": "https://symfony.com",
            "keywords": [
                "compatibility",
                "idn",
                "intl",
                "polyfill",
                "portable",
                "shim"
            ],
            "support": {
                "source": "https://github.com/symfony/polyfill-intl-idn/tree/v1.22.1"
            },
            "funding": [
                {
                    "url": "https://symfony.com/sponsor",
                    "type": "custom"
                },
                {
                    "url": "https://github.com/fabpot",
                    "type": "github"
                },
                {
                    "url": "https://tidelift.com/funding/github/packagist/symfony/symfony",
                    "type": "tidelift"
                }
            ],
            "install-path": "../symfony/polyfill-intl-idn"
        },
        {
            "name": "symfony/polyfill-intl-normalizer",
            "version": "v1.22.1",
            "version_normalized": "1.22.1.0",
            "source": {
                "type": "git",
                "url": "https://github.com/symfony/polyfill-intl-normalizer.git",
                "reference": "43a0283138253ed1d48d352ab6d0bdb3f809f248"
            },
            "dist": {
                "type": "zip",
                "url": "https://api.github.com/repos/symfony/polyfill-intl-normalizer/zipball/43a0283138253ed1d48d352ab6d0bdb3f809f248",
                "reference": "43a0283138253ed1d48d352ab6d0bdb3f809f248",
                "shasum": ""
            },
            "require": {
                "php": ">=7.1"
            },
            "suggest": {
                "ext-intl": "For best performance"
            },
            "time": "2021-01-22T09:19:47+00:00",
            "type": "library",
            "extra": {
                "branch-alias": {
                    "dev-main": "1.22-dev"
                },
                "thanks": {
                    "name": "symfony/polyfill",
                    "url": "https://github.com/symfony/polyfill"
                }
            },
            "installation-source": "dist",
            "autoload": {
                "psr-4": {
                    "Symfony\\Polyfill\\Intl\\Normalizer\\": ""
                },
                "files": [
                    "bootstrap.php"
                ],
                "classmap": [
                    "Resources/stubs"
                ]
            },
            "notification-url": "https://packagist.org/downloads/",
            "license": [
                "MIT"
            ],
            "authors": [
                {
                    "name": "Nicolas Grekas",
                    "email": "p@tchwork.com"
                },
                {
                    "name": "Symfony Community",
                    "homepage": "https://symfony.com/contributors"
                }
            ],
            "description": "Symfony polyfill for intl's Normalizer class and related functions",
            "homepage": "https://symfony.com",
            "keywords": [
                "compatibility",
                "intl",
                "normalizer",
                "polyfill",
                "portable",
                "shim"
            ],
            "support": {
                "source": "https://github.com/symfony/polyfill-intl-normalizer/tree/v1.22.1"
            },
            "funding": [
                {
                    "url": "https://symfony.com/sponsor",
                    "type": "custom"
                },
                {
                    "url": "https://github.com/fabpot",
                    "type": "github"
                },
                {
                    "url": "https://tidelift.com/funding/github/packagist/symfony/symfony",
                    "type": "tidelift"
                }
            ],
            "install-path": "../symfony/polyfill-intl-normalizer"
        },
        {
            "name": "symfony/polyfill-mbstring",
            "version": "v1.22.1",
            "version_normalized": "1.22.1.0",
            "source": {
                "type": "git",
                "url": "https://github.com/symfony/polyfill-mbstring.git",
                "reference": "5232de97ee3b75b0360528dae24e73db49566ab1"
            },
            "dist": {
                "type": "zip",
                "url": "https://api.github.com/repos/symfony/polyfill-mbstring/zipball/5232de97ee3b75b0360528dae24e73db49566ab1",
                "reference": "5232de97ee3b75b0360528dae24e73db49566ab1",
                "shasum": ""
            },
            "require": {
                "php": ">=7.1"
            },
            "suggest": {
                "ext-mbstring": "For best performance"
            },
            "time": "2021-01-22T09:19:47+00:00",
            "type": "library",
            "extra": {
                "branch-alias": {
                    "dev-main": "1.22-dev"
                },
                "thanks": {
                    "name": "symfony/polyfill",
                    "url": "https://github.com/symfony/polyfill"
                }
            },
            "installation-source": "dist",
            "autoload": {
                "psr-4": {
                    "Symfony\\Polyfill\\Mbstring\\": ""
                },
                "files": [
                    "bootstrap.php"
                ]
            },
            "notification-url": "https://packagist.org/downloads/",
            "license": [
                "MIT"
            ],
            "authors": [
                {
                    "name": "Nicolas Grekas",
                    "email": "p@tchwork.com"
                },
                {
                    "name": "Symfony Community",
                    "homepage": "https://symfony.com/contributors"
                }
            ],
            "description": "Symfony polyfill for the Mbstring extension",
            "homepage": "https://symfony.com",
            "keywords": [
                "compatibility",
                "mbstring",
                "polyfill",
                "portable",
                "shim"
            ],
            "support": {
                "source": "https://github.com/symfony/polyfill-mbstring/tree/v1.22.1"
            },
            "funding": [
                {
                    "url": "https://symfony.com/sponsor",
                    "type": "custom"
                },
                {
                    "url": "https://github.com/fabpot",
                    "type": "github"
                },
                {
                    "url": "https://tidelift.com/funding/github/packagist/symfony/symfony",
                    "type": "tidelift"
                }
            ],
            "install-path": "../symfony/polyfill-mbstring"
        },
        {
            "name": "symfony/polyfill-php72",
            "version": "v1.22.1",
            "version_normalized": "1.22.1.0",
            "source": {
                "type": "git",
                "url": "https://github.com/symfony/polyfill-php72.git",
                "reference": "cc6e6f9b39fe8075b3dabfbaf5b5f645ae1340c9"
            },
            "dist": {
                "type": "zip",
                "url": "https://api.github.com/repos/symfony/polyfill-php72/zipball/cc6e6f9b39fe8075b3dabfbaf5b5f645ae1340c9",
                "reference": "cc6e6f9b39fe8075b3dabfbaf5b5f645ae1340c9",
                "shasum": ""
            },
            "require": {
                "php": ">=7.1"
            },
            "time": "2021-01-07T16:49:33+00:00",
            "type": "library",
            "extra": {
                "branch-alias": {
                    "dev-main": "1.22-dev"
                },
                "thanks": {
                    "name": "symfony/polyfill",
                    "url": "https://github.com/symfony/polyfill"
                }
            },
            "installation-source": "dist",
            "autoload": {
                "psr-4": {
                    "Symfony\\Polyfill\\Php72\\": ""
                },
                "files": [
                    "bootstrap.php"
                ]
            },
            "notification-url": "https://packagist.org/downloads/",
            "license": [
                "MIT"
            ],
            "authors": [
                {
                    "name": "Nicolas Grekas",
                    "email": "p@tchwork.com"
                },
                {
                    "name": "Symfony Community",
                    "homepage": "https://symfony.com/contributors"
                }
            ],
            "description": "Symfony polyfill backporting some PHP 7.2+ features to lower PHP versions",
            "homepage": "https://symfony.com",
            "keywords": [
                "compatibility",
                "polyfill",
                "portable",
                "shim"
            ],
            "support": {
                "source": "https://github.com/symfony/polyfill-php72/tree/v1.22.1"
            },
            "funding": [
                {
                    "url": "https://symfony.com/sponsor",
                    "type": "custom"
                },
                {
                    "url": "https://github.com/fabpot",
                    "type": "github"
                },
                {
                    "url": "https://tidelift.com/funding/github/packagist/symfony/symfony",
                    "type": "tidelift"
                }
            ],
            "install-path": "../symfony/polyfill-php72"
        }
    ],
    "dev": true,
    "dev-package-names": []
}
